,has_all_clues,pass1,prompt
0,0,0.14197142857142855,175
1,1,0.5006842105263157,95
