,has_all_clues,pass1
0,0,0.19634146341463415
1,1,0.49476923076923074
