,has_all_clues,pass1,prompt
0,0,0.15629032258064515,186
1,1,0.5738947368421053,95
