,has_all_clues,pass1
0,0,0.21988425925925925
1,1,0.5553076923076923
