,has_all_clues,pass1
0,0,0.4173611111111111
1,1,0.8976923076923077
