,has_all_clues,pass1,prompt
0,0,0.3588709677419355,186
1,1,0.8605263157894737,95
